<?xml version="1.0" encoding="UTF-8"?>
<!--

    Mule Avalara Cloud Connector

    Copyright (c) MuleSoft, Inc.  All rights reserved.  http://www.mulesoft.com

    The software in this package is published under the terms of the CPAL v1.0
    license, a copy of which has been included with this distribution in the
    LICENSE.txt file.

-->

<mule xmlns="http://www.mulesoft.org/schema/mule/core" 
  xmlns:avalara="http://www.mulesoft.org/schema/mule/avalara"
  xmlns:json="http://www.mulesoft.org/schema/mule/json" 
  xmlns:spring="http://www.springframework.org/schema/beans"
  xmlns:scripting="http://www.mulesoft.org/schema/mule/scripting"
  xmlns:http="http://www.mulesoft.org/schema/mule/http"
  xmlns:xsi="http://www.w3.org/2001/XMLSchema-instance" 
  xmlns:zuora="http://www.mulesoft.org/schema/mule/zuora"
  xsi:schemaLocation="
       http://www.springframework.org/schema/beans http://www.springframework.org/schema/beans/spring-beans-3.0.xsd
       http://www.mulesoft.org/schema/mule/avalara http://www.mulesoft.org/schema/mule/avalara/2.0/mule-avalara.xsd
       http://www.mulesoft.org/schema/mule/core http://www.mulesoft.org/schema/mule/core/3.2/mule.xsd
       http://www.mulesoft.org/schema/mule/json    http://www.mulesoft.org/schema/mule/json/3.2/mule-json.xsd
       http://www.mulesoft.org/schema/mule/http http://www.mulesoft.org/schema/mule/http/3.0/mule-http.xsd
       http://www.mulesoft.org/schema/mule/scripting http://www.mulesoft.org/schema/mule/scripting/3.2/mule-scripting.xsd
       http://www.mulesoft.org/schema/mule/zuora http://www.mulesoft.org/schema/mule/zuora/1.0/mule-zuora.xsd"
       >

   <zuora:config username="${zuoraUsername}" password="${zuoraPassword}" endpoint="https://apisandbox.zuora.com/apps/services/a/29.0" name="zuora-config" />
   <avalara:config account="${avalaraAccount}" license="${avalaraLicense}" avalaraClient="${avalaraClient}" name="avalara-config"/>

   <flow name="GetTaxes">
    <description>
        Answers total taxes using Avalara for an Invoice stored in Zuora, given its id. 
        This flows expects an inbound invoiceNumber to be set. Answers an string with a message 
        describing the total tax amount for the invoice
    </description>
    <http:inbound-endpoint host="localhost" port="9090" path="avalara-demo-get-tax" />
    <flow-ref name="GetZuoraInvoiceByInvoiceId"/>
    <flow-ref name="GetZuoraInvoiceItemsByInvoiceId"/>
    <flow-ref name="GetTaxesForInvoceAndItems"/>
    <expression-transformer 
        expression="Taxes calculates successfully for invoice #[header:inbound:invoiceNumber]. Total tax is $#[groovy:payload.totalTaxable]" 
        evaluator="string"/>     
  </flow>

  <flow name="GetZuoraInvoiceByInvoiceId">
   <description>
    Retrieves an Invoice record from Zuora given its Id. Answers the record as payload, 
    and sets the following invocation headers:
      * accountId
      * createDate
      * dueDate
   </description>
   <zuora:find config-ref="zuora-config" zquery="select accountId, createdDate, dueDate, id
                       from  Invoice
                       where invoiceNumber = '#[header:inbound:invoiceNumber]'"/>
    <scripting:component>
      <scripting:script engine="groovy">
        <![CDATA[
          if(!payload.any()) throw new IllegalArgumentException("Invoice ${message.getInboundProperty('invoiceId')} does not exists ");
          return payload.find {it}        
        ]]>
      </scripting:script>
    </scripting:component>                   
    <message-properties-transformer scope="invocation">
      <add-message-property key="accountId" value="#[groovy:payload.accountId]" />
      <add-message-property key="createdDate" value="#[groovy:payload.createdDate]" />
      <add-message-property key="dueDate" value="#[groovy:payload.dueDate]" />
      <add-message-property key="invoiceId" value="#[groovy:payload.id]" />
    </message-properties-transformer>
  </flow>

  <flow name="GetZuoraInvoiceItemsByInvoiceId">
   <description>
    Retrieves a collection of InvoiceItems from Zuora given it's invoice id.
    Expects the variable:invoiceId to be set
    Answers the collection of items. 
   </description>
    <!--
    CHECK THIS URL FOR FIELDS OF AN INVOICE ITEM THAT MAY BE INTERESTING FOR THE GET-TAX ITEMS: 
    http://apidocs.developer.zuora.com/index.php/InvoiceItem
     -->    
   <zuora:find config-ref="zuora-config" zquery="select sKU, quantity, unitPrice, chargeDescription
                       from  InvoiceItem
                       where invoiceId = '#[variable:invoiceId]'"/>                       
  </flow>

  <flow name="GetTaxesForInvoceAndItems">
   <description>
    Gets taxes from Avalara for the given collection of zuora InvoiceItems payload. 
    It expects the following headers to be set:
      * sKU
      * quantity
      * unitPrice
      * chargeDescription
    
    Answers the Avalara GetTaxResul
   </description>
   <scripting:component>
      <scripting:script engine="groovy">
        <![CDATA[  
        def i = 0;      
        return payload.collect { it->
           [ 'no': ++i,
             'itemCode' : it.getSKU() ,
             'qty' : new BigDecimal(it.quantity) ,
             'amount' : new BigDecimal(it.unitPrice) ,
             'discounted' : false ,
             'description' : it.chargeDescription ,
             'taxIncluded' : false ] 
        };
        ]]>
      </scripting:script>
    </scripting:component>
    <avalara:get-tax config-ref="avalara-config" 
                 companyCode="TC"
                 docType="SALES_ORDER"
                 docCode="#[variable:invoiceId]"
                 docDate-ref="#[groovy: message.getInvocationProperty('createdDate')]"
                 customerCode="#[variable:accountId]"
                 customerUsageType="Other"
                 discount="0"
                 purchaseOrderNo="#[header:inbound:invoiceNumber]"
                 originCode="Origin"
                 destinationCode="Dest"
                 detailLevel="TAX"
                 serviceMode="AUTOMATIC"
                 paymentDate-ref="#[groovy: message.getInvocationProperty('dueDate')]"
                 exchangeRate="0"
                 exchangeRateEffDate-ref="#[groovy: message.getInvocationProperty('dueDate')]">
          <avalara:base-addresses ref="#[groovy: [
              [ 'addressCode' : 'Origin' ,
                'line1' : 'Avalara' ,
                'line2' : '900 Winslow Way' ,
                'line3' : 'Suite 100' ,
                'city' : 'Bainbridge Island' ,
                'region' : 'WA' ,
                'postalCode' : '98110' ,
                'country' : 'USA' ] ,
              [ 'addressCode' : 'Dest' ,
                'line1' : '3130 Elliott' ,
                'city' : 'Seattle' ,
                'region' : 'WA' ,
                'postalCode' : '98121' ,
                'country' : 'USA' ]
          ] ]" />
          <avalara:lines ref="#[payload]" />
      </avalara:get-tax>
  </flow>

</mule>