<?xml version='1.0' encoding='UTF-8'?>
<?artifactRepository version='1.1.0'?>
<repository name='file:/Users/marianoquintela/Documents/ClonedRepos/avalara-connector/target/update-site/ - artifacts' type='org.eclipse.equinox.p2.artifact.repository.simpleRepository' version='1'>
  <properties size='2'>
    <property name='p2.timestamp' value='1447271165506'/>
    <property name='p2.compressed' value='false'/>
  </properties>
  <mappings size='3'>
    <rule filter='(&amp; (classifier=osgi.bundle))' output='${repoUrl}/plugins/${id}_${version}.jar'/>
    <rule filter='(&amp; (classifier=binary))' output='${repoUrl}/binary/${id}_${version}'/>
    <rule filter='(&amp; (classifier=org.eclipse.update.feature))' output='${repoUrl}/features/${id}_${version}.jar'/>
  </mappings>
  <artifacts size='2'>
    <artifact classifier='osgi.bundle' id='org.mule.tooling.ui.contribution.avalara.3.5.0' version='3.0.3.201511111645'>
      <properties size='3'>
        <property name='artifact.size' value='35479688'/>
        <property name='download.size' value='35479688'/>
        <property name='download.md5' value='963226f3fb63dca34bdc07b52c30e0e3'/>
      </properties>
    </artifact>
    <artifact classifier='org.eclipse.update.feature' id='org.mule.tooling.ui.extension.avalara.3.5.0' version='3.0.3.201511111645'>
      <properties size='4'>
        <property name='artifact.size' value='15747'/>
        <property name='download.size' value='15747'/>
        <property name='download.md5' value='91612635f13695339f897cf1579b642d'/>
        <property name='download.contentType' value='application/zip'/>
      </properties>
    </artifact>
  </artifacts>
</repository>
